,name,description,vat,nonvatPrice,discount,category_id,subcategory_id,brand_id,stock,stock_min,image
0,,CONT.TETR.  29Kw. 25A.220 CL03A400MN,21.0,84.09599195530727,0,10,121,,0,0,img-default-SALDOS.jpg
1,,CONT.TETR.  5.5Kw. 12A.220 CL01A400TN,21.0,50.06094808193669,0,10,121,,0,0,img-default-SALDOS.jpg
2,,CONT.TRIP.  4  Kw.  9A.     CL00A310T,21.0,27.419222346368716,0,10,121,,0,0,img-default-SALDOS.jpg
3,,CONT.TRIP.  5.5Kw. 12A.     CL01A310T,21.0,30.903902122905027,0,10,121,,0,0,img-default-SALDOS.jpg
4,,CONT.TRIP.  7.5Kw. 18A.     CL02A310T,21.0,40.55146696461825,0,10,121,,0,0,img-default-SALDOS.jpg
5,,CONT.TRIP. 12  Kw. 25A.     CL03A310M,21.0,72.27613437616387,0,10,121,,0,0,img-default-SALDOS.jpg
6,,CONT.TRIP. 16  Kw. 32A.     CL04A310M,21.0,142.82736,0,10,121,,0,0,img-default-SALDOS.jpg
7,,CONT.TRIP. 22  Kw. 50A.     CL06A311M,21.0,297.60446912476726,0,10,121,,0,0,img-default-SALDOS.jpg
8,,CONT.TRIP. 30  Kw. 65A.     CL07A311M,21.0,383.86847567970204,0,10,121,,0,0,img-default-SALDOS.jpg
9,,CONT.TRIP. 37  Kw. 80A.     CL08A311M,21.0,483.5777591061452,0,10,121,,0,0,img-default-SALDOS.jpg
10,,CONT.TRIP. 45  Kw. 95A.     CL09A311M,21.0,582.3341100931099,0,10,121,,0,0,img-default-SALDOS.jpg
11,,CONT.TRIP. 75  Kw.150A.    CK75CA311D,21.0,1015.8991639478585,0,10,121,,0,0,img-default-SALDOS.jpg
12,,CONT.TRIP. 90  Kw.185A.    CK08BA311N,21.0,1547.8480067039106,0,10,121,,0,0,img-default-SALDOS.jpg
13,,CONT.TRIP.110  Kw.205A.    CK85BA311J,21.0,1842.6216229422719,0,10,121,,0,0,img-default-SALDOS.jpg
14,,CONT.TRIP.132  Kw.250A.    CK09BE311J,21.0,1914.3969421229049,0,10,121,,0,0,img-default-SALDOS.jpg
15,,MINICONT.TRIP.  4Kw.9A.     MC1A310AT,21.0,27.593078584729984,0,10,121,,0,0,img-default-SALDOS.jpg
16,,MINICONT.TRIP.2.2Kw.6A.     MC0A310AT,21.0,27.593078584729984,0,10,121,,0,0,img-default-SALDOS.jpg
17,,RELE TERM.    8   -  12    A.    RT1N,21.0,48.98859188081937,0,10,121,,0,0,img-default-SALDOS.jpg
18,,RELE TERM.   0.11 -   0.17 A.   MTO3A,21.0,57.59975508379888,0,10,121,,0,0,img-default-SALDOS.jpg
19,,RELE TERM.   0.17 -   0.26 A.   MTO3B,21.0,57.59975508379888,0,10,121,,0,0,img-default-SALDOS.jpg
20,,RELE TERM.   0.26 -   0.43 A.   MTO3C,21.0,57.59975508379888,0,10,121,,0,0,img-default-SALDOS.jpg
21,,RELE TERM.   0.43 -   0.65 A.   MTO3D,21.0,57.59975508379888,0,10,121,,0,0,img-default-SALDOS.jpg
22,,RELE TERM.   0.65 -   1.00 A.   MTO3E,21.0,57.59975508379888,0,10,121,,0,0,img-default-SALDOS.jpg
23,,RELE TERM.   0.85 -   1.30 A.   MTO3F,21.0,57.59975508379888,0,10,121,,0,0,img-default-SALDOS.jpg
24,,RELE TERM.   1    -   1.5  A.    RT1G,21.0,48.98859188081937,0,10,121,,0,0,img-default-SALDOS.jpg
25,,RELE TERM.   1.10 -   1.60 A.   MTO3G,21.0,57.59975508379888,0,10,121,,0,0,img-default-SALDOS.jpg
26,,RELE TERM.   1.35 -   2.00 A.   MTO3H,21.0,57.59975508379888,0,10,121,,0,0,img-default-SALDOS.jpg
27,,RELE TERM.   1.70 -   2.40 A.   MTO3I,21.0,57.59975508379888,0,10,121,,0,0,img-default-SALDOS.jpg
28,,RELE TERM.   10   -  16    A.    RT1P,21.0,48.98859188081937,0,10,121,,0,0,img-default-SALDOS.jpg
29,,RELE TERM.   2.20 -   3.20 A.   MTO3J,21.0,57.59975508379888,0,10,121,,0,0,img-default-SALDOS.jpg
30,,RELE TERM.   2.50 -   4.00 A.   MTO3R,21.0,57.59975508379888,0,10,121,,0,0,img-default-SALDOS.jpg
31,,RELE TERM.   21   -  26    A.    RT1U,21.0,69.32003217877096,0,10,121,,0,0,img-default-SALDOS.jpg
32,,RELE TERM.   25   -  32    A.    RT1V,21.0,69.32003217877096,0,10,121,,0,0,img-default-SALDOS.jpg
33,,RELE TERM.   3.00 -   4.70 A.   MTO3K,21.0,57.59975508379888,0,10,121,,0,0,img-default-SALDOS.jpg
34,,RELE TERM.   30   -  40    A.    RT1W,21.0,69.32003217877096,0,10,121,,0,0,img-default-SALDOS.jpg
35,,RELE TERM.   4.00 -   6.30 A.   MTO3L,21.0,57.59975508379888,0,10,121,,0,0,img-default-SALDOS.jpg
36,,RELE TERM.   5.5  -   8.5  A.    RT1M,21.0,48.98859188081937,0,10,121,,0,0,img-default-SALDOS.jpg
37,,RELE TERM.   5.50 -   8.00 A.   MTO3M,21.0,57.59975508379888,0,10,121,,0,0,img-default-SALDOS.jpg
38,,RELE TERM.   7.50 -  10.5  A.   MTO3N,21.0,57.59975508379888,0,10,121,,0,0,img-default-SALDOS.jpg
39,,RELE TERM.  14.5  -  18    A.    RT1S,21.0,48.98859188081937,0,10,121,,0,0,img-default-SALDOS.jpg
40,,RELE TERM.  17.5  -  22    A.    RT1T,21.0,69.32003217877096,0,10,121,,0,0,img-default-SALDOS.jpg
41,,RELE TERMICO 36-42A RT2E,21.0,191.45431270018622,0,10,121,,0,0,img-default-SALDOS.jpg
42,,PLAFON 15cm. Bco.Texturado  915,21.0,2.16264417132216,0,10,121,463,0,0,img-default-SALDOS.jpg
43,,PLAFON 20cm. Bce.Cepill./Platil  920,21.0,3.883001713221601,0,10,121,463,0,0,img-default-SALDOS.jpg
44,,PLAFON 25cm. Bce.Cepill./Platil  925,21.0,5.029906741154563,0,10,121,463,0,0,img-default-SALDOS.jpg
45,,PLAFON 25cm. Bco.Texturado  925,21.0,3.9649235009310986,0,10,121,463,0,0,img-default-SALDOS.jpg
46,,APLIQ.PARED MOVIL C/PANT.VID. PLISE,21.0,81.09929296089385,0,10,121,223,0,0,img-default-SALDOS.jpg
47,,DIFUSOR PARED CUARZO CROMO ECLIPSE,21.0,27.800431731843574,0,10,121,223,0,0,img-default-SALDOS.jpg
48,,COLG.H Y M 1 LUZ PANT.LINO 336L,21.0,13.106575791433892,0,10,121,464,0,0,img-default-SALDOS.jpg
49,,APLIQUE  1 LUZ         BCE.CEP. AP07/1,21.0,57.72418517690875,0,10,121,261,0,0,img-default-SALDOS.jpg
50,,PLAFON TALLADO  25CM.   PLATIL  8852,21.0,1.9978903538175048,0,10,121,262,0,0,img-default-SALDOS.jpg
51,,PLAFON TALLADO  30CM.   PLATIL  8853,21.0,2.77259739292365,0,10,121,262,0,0,img-default-SALDOS.jpg
52,,APLIQUE 1 LUZ C/VIDRIO. PLATIL. MOD  171,21.0,37.564143463687145,0,10,121,231,0,0,img-default-SALDOS.jpg
53,,COLGANTE DONA 1 LUZ OPAL SAT. 071/1,21.0,25.75366137802607,0,10,121,231,0,0,img-default-SALDOS.jpg
54,,VELADOR C/GLOBO 6X10 G9 437/V/G,21.0,34.35199016759776,0,10,121,231,0,0,img-default-SALDOS.jpg
55,,APLIQ.I LUZ OXIDO C/TUL.Z-39 AP-140D,21.0,24.87500469273743,0,10,121,245,0,0,img-default-SALDOS.jpg
56,,ARAÑA 3LUC.OXIDO PANT.TOST.A-337 D,21.0,35.73246331471136,0,10,121,245,0,0,img-default-SALDOS.jpg
57,,PLAFON  CURVO   30CM.COLOR   PLC/30,21.0,29.16397437616387,0,10,121,265,0,0,img-default-SALDOS.jpg
58,,PLAFON 4 LUC.G9 CUAD.NIQUEL 300/4 CUAD.,21.0,99.37294897579143,0,10,121,265,0,0,img-default-SALDOS.jpg
59,,APLIQUE 2X60WG9 ALTEA ALUM.5030-A,21.0,51.185552178770955,0,10,121,220,0,0,img-default-SALDOS.jpg
60,,APLIQUE 2X60WG9 MEDEA ALUMIN.5010-A,21.0,53.116357690875226,0,10,121,220,0,0,img-default-SALDOS.jpg
61,,APLIQUE A 45º 2XE27W ESCUADRA GRIS 4160 G,21.0,53.8891532216015,0,10,121,220,0,0,img-default-SALDOS.jpg
62,,APLIQUE PARED 1XE27 BCO.BOGHI 50001,21.0,28.664888640595905,0,10,121,220,0,0,img-default-SALDOS.jpg
63,,APLIQUE PARED 2XE27E CROMO BOGHI 50002,21.0,50.422223165735566,0,10,121,220,0,0,img-default-SALDOS.jpg
64,,COLGANTE 6 LUC.E27 ROJO 0159/8 ORA,21.0,64.55200208566107,0,10,121,270,0,0,img-default-SALDOS.jpg
65,,LAMP.DE PIE OVAL ACERO 2 LUC.LP300/2,21.0,29.24170905027933,0,10,121,272,0,0,img-default-SALDOS.jpg
66,,LAMP.DE PIE TRAPEZ.2 LUC.LP310/2,21.0,32.78500841713222,0,10,121,272,0,0,img-default-SALDOS.jpg
67,,COLGANTE 40X40 6 LUC.G9 AIDA 4007/6,21.0,333.5817875605214,0,10,121,275,0,0,img-default-SALDOS.jpg
68,,COLGANTE E27 BLANCO C/HERRAJE CROMO M53-1B B,21.0,85.08533407821228,0,10,121,221,0,0,img-default-SALDOS.jpg
69,,COLGANTE E27 NEGRO C/HERRAJE CROMO M53-1B N,21.0,85.08533407821228,0,10,121,221,0,0,img-default-SALDOS.jpg
70,,LAMPARA DE PIE 1XE27 BLANCA INT.CROMO 45cm P16-1FB,21.0,242.69384223463686,0,10,121,221,0,0,img-default-SALDOS.jpg
71,,LAMPARA DE PIE 1XE27 NEGRA INT.COBRE 45cm P16-1FN,21.0,242.69384223463686,0,10,121,221,0,0,img-default-SALDOS.jpg
72,,APLIQUE VID.CONICO  1LUZ  915002022301,21.0,49.3357582122905,0,10,121,211,0,0,img-default-SALDOS.jpg
73,,"COLGANTE  2 LUC.LED 2,5W FRESNEL 915003969801",21.0,214.08893854748604,0,10,121,211,0,0,img-default-SALDOS.jpg
74,,COLGANTE 4 LUC.E27 NIQUEL MATTO 915003973301,21.0,611.8987730353819,0,10,121,211,0,0,img-default-SALDOS.jpg
75,,COLGANTE MET/VID.C/TUBO 40W ECOMOODS915002337001,21.0,200.70837988826815,0,10,121,211,0,0,img-default-SALDOS.jpg
76,,LAMP.DE MESA TELA NGA E27 PENZI 915002311501,21.0,126.99542837988827,0,10,121,211,0,0,img-default-SALDOS.jpg
77,,PLAFON 2 LUCES E27 BETTY,21.0,17.418938696461826,0,10,121,83,0,0,img-default-SALDOS.jpg
78,,APLIQ.DIFUSOR BIE 2 1X60W NIQ.MATE,21.0,120.62837601489757,0,10,121,,0,0,img-default-SALDOS.jpg
79,,COLGANTE BIE 2 1X60W NIQ.MATE,21.0,238.9133337802607,0,10,121,,0,0,img-default-SALDOS.jpg
80,,APLIQUE 2 LUC.YOLA G9 40W ACERO  85056,21.0,93.2842486405959,0,10,121,208,0,0,img-default-SALDOS.jpg
81,,COLGANTE MDF Y ALTO IMPACTO VIOLETA 210/VI,21.0,20.34381959031657,0,10,121,26,0,0,img-default-SALDOS.jpg
82,,LAMP.DE MESA PLATIL/CUERO EMA,21.0,19.00403426443203,0,10,121,279,0,0,img-default-SALDOS.jpg
83,,COLGANTE 1 LUZ C/COBRE J 473 001,21.0,91.39449504655494,0,10,121,242,0,0,img-default-SALDOS.jpg
84,,COLGANTE 3 LUC. C/COBRE J 412 003,21.0,213.0184938547486,0,10,121,242,0,0,img-default-SALDOS.jpg
85,,COLG.1LUZ  ECO-CUERO  30X30 JOAKO  8114/1,21.0,77.82360476722533,0,10,121,280,0,0,img-default-SALDOS.jpg
86,,COLG.ARENADO BCO 3 LUC.80X30 LUCIO/3  8116,21.0,140.79934063314712,0,10,121,280,0,0,img-default-SALDOS.jpg
87,,APLIQUE DE 1 LUZ PLATIL LI-0050-A1,21.0,31.046810130353812,0,10,121,222,0,0,img-default-SALDOS.jpg
88,,APLIQUE DE 1 LUZ PLATIL LI-0060-A1,21.0,23.363456685288643,0,10,121,222,0,0,img-default-SALDOS.jpg
89,,APLIQUE DE 1 LUZ PLATIL LI-0070-A1,21.0,38.02445288640595,0,10,121,222,0,0,img-default-SALDOS.jpg
90,,COLGANTE 1 LUZ E27 LI-8005-C1,21.0,78.84407716945995,0,10,121,222,0,0,img-default-SALDOS.jpg
91,,PLAFON 26 C/ALA B/OR.DR-PL-PA PL-6087,21.0,12.726549720670391,0,10,121,222,0,0,img-default-SALDOS.jpg
92,,MINI LISTON ELECT.20W LUZ CALIDA EURO 61471,21.0,10.030594711359404,0,10,121,203,0,0,img-default-SALDOS.jpg
93,,APLIQ.1 LUZ BIP.50W C/TRAF.ARROW C207/1,21.0,13.335683724394785,0,10,121,204,0,0,img-default-SALDOS.jpg
94,,COLG.SUNSET 1 LUZ BIP.C/CAMP.MET.300C,21.0,193.1694818621974,0,10,121,223,0,0,img-default-SALDOS.jpg
95,,COLGANTE CLIPO 1 LUZ BI-PIN    150-C,21.0,31.844546294227186,0,10,121,223,0,0,img-default-SALDOS.jpg
96,,DIF.C/VIDR.CURVO Y MOLDEADO       D55,21.0,27.509700409683425,0,10,121,223,0,0,img-default-SALDOS.jpg
97,,DIF.METAL C/VIDR.CURV.ENSAM.Crist.D33,21.0,37.50033549348231,0,10,121,223,0,0,img-default-SALDOS.jpg
98,,DIF.PRIGMA D/PARED C/CUARZO     d-60v,21.0,43.39278763500931,0,10,121,223,0,0,img-default-SALDOS.jpg
99,,DIF.PRIGMA D/PARED C/CUARZO    d-60cv,21.0,50.64514145251397,0,10,121,223,0,0,img-default-SALDOS.jpg
100,,DIF.VIDR.CURVO C/VIDR.CURVO Crist.D32,21.0,47.20023925512105,0,10,121,223,0,0,img-default-SALDOS.jpg
101,,DIFUSOR EXT.SAT.  21x21x29     DTK-10,21.0,30.73159329608938,0,10,121,223,0,0,img-default-SALDOS.jpg
102,,DIFUSOR RECTAN.CALADO PLATIL STEEL RAYE,21.0,43.5399737802607,0,10,121,223,0,0,img-default-SALDOS.jpg
103,,APLIQUE 1 LUZ G9 FLORENTINO 400/1,21.0,29.92156886405959,0,10,121,265,0,0,img-default-SALDOS.jpg
104,,ARAÑA FLEXI 9 LUCES BIPIN 20W 9/20,21.0,175.71722830540037,0,10,121,271,0,0,img-default-SALDOS.jpg
105,,ARAÑA LINEA LLUVIA ORO MATE AR165/20,21.0,62.931316052141526,0,10,121,272,0,0,img-default-SALDOS.jpg
106,,ARAÑA LLUVIA 12 LUC.C/TUL. ORO MATE AR170/12,21.0,50.90574376163873,0,10,121,272,0,0,img-default-SALDOS.jpg
107,,BASE RECTANG.2 LUC.   ACERO 50/2-51/2,21.0,4.009434338919926,0,10,121,272,0,0,img-default-SALDOS.jpg
108,,COLGANTE 4 LUC.DESNIVEL  PLATIL 81-51/4D,21.0,17.803242905027933,0,10,121,272,0,0,img-default-SALDOS.jpg
109,,SISTEMA  SP 2 LUC.BIPIN. PLATIL   SP84/2,21.0,17.861043277467413,0,10,121,272,0,0,img-default-SALDOS.jpg
110,,APL.1L.Suite2 PL-CR-Bt-Nt-Gt.  9100-1,21.0,6.46362905027933,0,10,121,276,0,0,img-default-SALDOS.jpg
111,,APL.3L.Suite2 PL-Cr-Bt-Nt-Gt.  9100-3,21.0,14.998422942271882,0,10,121,276,0,0,img-default-SALDOS.jpg
112,,APLIQ.2 LUC.9100-2 PLATIL,21.0,8.427749422718808,0,10,121,276,0,0,img-default-SALDOS.jpg
113,,APLIQUE 1 LUZ G9  1957/1A,21.0,33.081110167597764,0,10,121,221,0,0,img-default-SALDOS.jpg
114,,BASE 1 LUZ PLATIL/CROMO 3101CC,21.0,9.958594562383611,0,10,121,221,0,0,img-default-SALDOS.jpg
115,,BASE 2 LUC.PLATIL/CROMO 3102CC,21.0,12.67366465549348,0,10,121,221,0,0,img-default-SALDOS.jpg
116,,CABEZAL BIPIN 20W CILIND.PLATIL 5012C,21.0,10.708816089385476,0,10,121,221,0,0,img-default-SALDOS.jpg
117,,PLAFON 9 LUC.BIPIN 20W 6003/9P,21.0,109.9617041340782,0,10,121,221,0,0,img-default-SALDOS.jpg
118,,COLGANTE BIE 1 BIPIN 50W NIQUEL,21.0,168.9039752700186,0,10,121,,0,0,img-default-SALDOS.jpg
119,,PLAFON 3 LUC.CROMO BIPIN  20W ANABELA 4339,21.0,123.07729132216014,0,10,121,208,0,0,img-default-SALDOS.jpg
120,,LAMP PIE HAL 1L DIMMER 300W BCO,21.0,48.853785027932965,0,10,121,96,0,0,img-default-SALDOS.jpg
121,,BARRAL S/CABLE 10cm.  ORO/PELTRE,21.0,1.2250037988826816,0,10,121,209,0,0,img-default-SALDOS.jpg
122,,DIFUSOR      2 E27   AC.MAT/BC.MATE  ALI 3,21.0,66.14010145251396,0,10,121,277,0,0,img-default-SALDOS.jpg
123,,APLIQ.  Platil BZO.ART.Classic  160NM,21.0,93.89565824953445,0,10,121,202,0,0,img-default-SALDOS.jpg
124,,APLIQ.ACERO 30x10 100W.DIF.CRIST.5742,21.0,28.737890055865922,0,10,121,202,0,0,img-default-SALDOS.jpg
125,,APLIQ.ACERO 30x10 100W.DIF.MET.  5732,21.0,26.8077217132216,0,10,121,202,0,0,img-default-SALDOS.jpg
126,,APLIQUE PARED OVALE CUARZO 150W BL 21012,21.0,52.22277303538175,0,10,121,202,0,0,img-default-SALDOS.jpg
127,,BASE PORTAT.LINEAL 1 CURVA COL.  RC1,21.0,16.795604916201118,0,10,121,202,0,0,img-default-SALDOS.jpg
128,,BASE REGLETA RECTA 2 LUC.COLOR       R2,21.0,20.9531356424581,0,10,121,202,0,0,img-default-SALDOS.jpg
129,,COLG.IND.PANTALL.C/EQ.2x26W.    1307E,21.0,33.79956424581005,0,10,121,202,0,0,img-default-SALDOS.jpg
130,,PLAFON          NIQUEL SAT.      5716,21.0,35.92980379888269,0,10,121,202,0,0,img-default-SALDOS.jpg
131,,PLAFON          NIQUEL SAT.      5725,21.0,21.759428081936687,0,10,121,202,0,0,img-default-SALDOS.jpg
132,,PLAFON   CUARZO RX7  150W   NIQUEL SAT.      5727,21.0,26.796434711359407,0,10,121,202,0,0,img-default-SALDOS.jpg
133,,PLAFON 20x20x5 MARCO/ACERO 1x100W. 5710,21.0,22.19461482309125,0,10,121,202,0,0,img-default-SALDOS.jpg
134,,PLAFON 60W G9 HALOPIN PLATIL 5709,21.0,18.930759776536313,0,10,121,202,0,0,img-default-SALDOS.jpg
135,,PLAFON C/VID.C/EQ.2X26W NIQ.8602E,21.0,56.574640446927376,0,10,121,202,0,0,img-default-SALDOS.jpg
136,,PLAFON CUADRADO 2X26W BCO 1045EL,21.0,37.71087448789571,0,10,121,202,0,0,img-default-SALDOS.jpg
137,,REGLETA BAJO MESADA 21W RE421,21.0,33.841799478584726,0,10,121,202,0,0,img-default-SALDOS.jpg
138,,REGLETA BAJOMES.TUB.16WLUZ CALIDA RE316,21.0,14.839039553072626,0,10,121,202,0,0,img-default-SALDOS.jpg
139,,REGLETA BAMBI TUBO T4 LUZ CALIDA RE320,21.0,18.459163351955308,0,10,121,202,0,0,img-default-SALDOS.jpg
140,,REGLETA HALOS 13W T5 SILVER RE513,21.0,33.22656685288641,0,10,121,202,0,0,img-default-SALDOS.jpg
141,,PLAFON 15X15 G9 BCO. MILANO PL-6201,21.0,31.880227783985102,0,10,121,222,0,0,img-default-SALDOS.jpg
142,,PLAFON 20X20 CUARZO 100W PLATIL PL-6202,21.0,44.30566942271881,0,10,121,222,0,0,img-default-SALDOS.jpg
143,,PLAFON 26X26 CUARZO PLAT.MILANO PL-6203,21.0,52.669064729981386,0,10,121,222,0,0,img-default-SALDOS.jpg
144,,PLAFON BIPIN BOMBE   COLOR    DE-1021,21.0,6.142131545623836,0,10,121,222,0,0,img-default-SALDOS.jpg
145,,PLAFON BIPIN BOMBE   DR-PE-PL DE-1021,21.0,6.29568938547486,0,10,121,222,0,0,img-default-SALDOS.jpg
146,,PROYECT.P/INTERIOR    FF1000,21.0,36.56988603351955,0,10,121,227,0,0,img-default-SALDOS.jpg
147,,COLGANTE REGUL. 4LUC.G9 ZIRA        0150/4,21.0,46.586007895716946,0,10,121,270,0,0,img-default-SALDOS.jpg
148,,SISTEMA DE 2 COLGANTE 4LUCES G9 FOSIL      0150/2,21.0,48.78660916201117,0,10,121,270,0,0,img-default-SALDOS.jpg
149,,COLGANTE   BLANCO 50CM CO330/1,21.0,15.086807448789571,0,10,121,272,0,0,img-default-SALDOS.jpg
150,,COLGANTE 1 LUZ C/BASE CROMO 330,21.0,13.830582346368715,0,10,121,272,0,0,img-default-SALDOS.jpg
151,,PROY.MERC.HAL.P/LAM.TUB.   1000W MH-3,21.0,8.066565363128491,0,10,121,465,0,0,img-default-SALDOS.jpg
152,,TAPA POLICARBONATO 517MM MRZ53000,21.0,23.518379888268154,0,10,121,199,0,0,img-default-SALDOS.jpg
153,,PROY.INT.70W MH.C/EQUIPO TIPO STAR,21.0,32.78300588454376,0,10,121,248,0,0,img-default-SALDOS.jpg
154,,PROY.ALUM.M.H.SOLAR I BIDIR. PR.492E,21.0,89.5371460707635,0,10,121,202,0,0,img-default-SALDOS.jpg
155,,CJ.PROY.150W.MH C/EQ.S/CAP.DI15F2R54N,21.0,8.03570815642458,0,10,121,466,0,0,img-default-SALDOS.jpg
156,,PROYECTOR C/FLAP C/4VIS.ART.   DI-07F,21.0,7.221860707635009,0,10,121,466,0,0,img-default-SALDOS.jpg
